username,password,employee_id,department,last_login,account_status,security_level,email_address,phone_number,last_name
otripp0,"fI4,'sKR4A>&|s6D",1,HR,5/29/2020,true,5,ltripp0@sakura.ne.jp,373-789-8931,Tripp
cbalentyne1,eY0=w'JUn_H?GTe,2,Finance,7/5/2021,true,3,kbalentyne1@prlog.org,793-827-1104,Balentyne
araulstone2,iS5/77hOd!2,3,Sales,5/6/2020,false,4,craulstone2@ox.ac.uk,271-517-5373,Raulstone
ayeend3,"kE9$4g)\n>|&r""CE",4,IT,11/8/2021,false,2,byeend3@usatoday.com,183-867-8860,Yeend
tthickens4,pH8{O7S$HAop`8!t,5,Sales,1/22/2021,true,3,cthickens4@macromedia.com,137-290-6445,Thickens
aewin5,lR6`&h5(h4s6,6,HR,9/21/2020,false,2,gewin5@example.com,794-721-8796,Ewin
okelk6,nM4<kJEyl`k/@mV,7,HR,7/6/2021,true,3,lkelk6@patch.com,963-929-6090,Kelk
amarians7,"hT7>qh(""",8,Finance,1/25/2021,true,3,hmarians7@google.ru,361-633-3054,Marians
pconnikie8,pU0_Cft?oU,9,IT,1/8/2020,false,2,pconnikie8@uol.com.br,225-800-2140,Connikie
jjoiris9,bG9`=_~rgc5,10,IT,5/27/2021,true,3,jjoiris9@dmoz.org,984-237-1239,Joiris
ncadea,yL0=64&9kZ3,11,Sales,7/23/2020,false,5,ucadea@ucoz.ru,284-380-3472,Cade
ocuffb,aD6_yW3K,12,HR,5/5/2020,true,3,rcuffb@ft.com,361-652-8760,Cuff
aromainesc,rY9`g/c<?jxuQp=C,13,Finance,10/18/2021,false,5,nromainesc@foxnews.com,117-331-5798,Romaines
mpoleykettd,gQ7|eofhO@7LX,14,IT,10/31/2021,true,3,lpoleykettd@mapy.cz,718-461-4360,Poleykett
aleavye,"bO7{f4nuO#,Y/@n.",15,HR,7/16/2020,false,2,kleavye@xing.com,214-608-5221,Leavy
esquiresf,yY9=m`3`(W}0C'G,16,IT,3/19/2020,false,3,msquiresf@last.fm,210-533-1930,Squires
hhainningg,"vB9(&b""j!864ZLC",17,HR,11/20/2021,true,1,phainningg@imdb.com,507-985-7123,Hainning
blamonth,sH2>@1Na,18,HR,10/31/2021,true,3,slamonth@tmall.com,173-317-0401,Lamont
smactavishi,"bK0,)DkX",19,Sales,8/24/2021,false,5,smactavishi@addtoany.com,638-307-3710,MacTavish
ewalnej,xU0#6UV\iagyX6m,20,IT,5/2/2021,true,5,hwalnej@yahoo.co.jp,635-488-1934,Walne
tinnsk,kT7+P_DFd8e,21,Sales,11/27/2021,false,1,hinnsk@netlog.com,427-546-2599,Inns
jgemlbettl,qS2}F=oE/k|N&70Z,22,Finance,5/14/2020,false,1,ngemlbettl@shareasale.com,916-482-5580,Gemlbett
eklimentyonokm,oP2)W6)avxUw{%Oo,23,IT,9/16/2021,false,2,bklimentyonokm@paypal.com,153-339-9399,Klimentyonok
edepportn,pL0!S=*?,24,Sales,1/15/2021,false,1,tdepportn@apple.com,657-934-1799,Depport
mformbyo,iE2<2m/5AiiD.F,25,Finance,9/1/2021,false,5,fformbyo@w3.org,910-677-0610,Formby
lvedyashkinp,zS1.ly}V,26,HR,6/17/2020,true,1,lvedyashkinp@imageshack.us,992-834-3290,Vedyashkin
rcottierq,jK7`i='jlEh2s,27,IT,12/11/2021,false,2,fcottierq@dion.ne.jp,586-852-2788,Cottier
pskurrayr,bY4+!t2J=1rwQ6tV,28,IT,2/7/2021,false,1,jskurrayr@umn.edu,530-954-7562,Skurray
scolvies,aP4#(O4$s7'W(),29,HR,8/10/2020,false,1,bcolvies@netlog.com,577-202-7997,Colvie
dhearsumt,cH7}UZS|du+V6o{,30,Sales,1/11/2020,false,4,shearsumt@wisc.edu,420-815-0100,Hearsum
cavesu,xU8*So=n\}h1,31,HR,8/8/2020,false,2,kavesu@tuttocitta.it,550-690-1098,Aves
tforestallv,eA0/CTrd,32,Sales,4/7/2021,false,4,jforestallv@china.com.cn,279-686-2767,Forestall
dcicettiw,tC2?3nBy,33,Finance,10/22/2020,false,5,lcicettiw@loc.gov,445-145-3617,Cicetti
fhartridgex,"tK4,`O,|u""Do",34,Sales,3/20/2021,true,4,chartridgex@dailymotion.com,805-751-9982,Hartridge
cgreenfieldy,cF8_5ezdPup',35,HR,10/9/2020,false,4,mgreenfieldy@instagram.com,938-473-4149,Greenfield
nhallamz,"tD8#XN~tpm&,hhXe",36,Sales,4/14/2020,true,1,shallamz@wisc.edu,675-439-6302,Hallam
mshowte10,pI0*m0BAr*=|Ufp,37,IT,8/9/2021,true,2,lshowte10@oakley.com,665-850-8216,Showte
jwoollhead11,oZ4#xlTh<{d/?86o,38,IT,7/1/2020,false,3,cwoollhead11@answers.com,883-404-9832,Woollhead
iarchibould12,sJ0$cg6zQ,39,Finance,5/20/2021,false,1,carchibould12@soundcloud.com,720-416-8210,Archibould
xhaggeth13,wG7~fz+=W4y,40,Finance,12/14/2020,false,3,bhaggeth13@webs.com,954-171-9853,Haggeth
cgillan14,sW2`3MTH_,41,Finance,4/3/2021,true,2,wgillan14@blogtalkradio.com,155-469-5757,Gillan
dconley15,kO8|d'.',42,Finance,3/30/2021,true,3,rconley15@blogger.com,751-735-8349,Conley
hcops16,"xR5&Z,gyx",43,HR,5/13/2021,false,1,ccops16@dailymail.co.uk,433-478-8663,Cops
pokey17,"xA1>,g_f{b=a\fuy",44,IT,5/28/2020,false,5,fokey17@yolasite.com,753-824-1764,Okey
mmachel18,hX7=u28V?G5,45,IT,6/7/2021,false,2,amachel18@archive.org,874-965-9599,Machel
dcarmody19,xU0~SqwO,46,HR,3/3/2020,true,5,bcarmody19@github.com,470-139-8863,Carmody
ttwinterman1a,bE5=Yveo\_w5,47,Finance,10/14/2021,false,1,mtwinterman1a@icio.us,768-767-3325,Twinterman
jspeariett1b,aX5\qV$_pA_,48,Sales,5/31/2021,true,5,sspeariett1b@nba.com,425-329-8591,Speariett
rspencook1c,dN3)Ho6Yv,49,Sales,8/21/2020,false,1,pspencook1c@shutterfly.com,499-704-4347,Spencook
myukhnin1d,hC6&#}Iw<wh,50,IT,4/10/2021,true,4,ryukhnin1d@rediff.com,256-428-8257,Yukhnin
ecawston1e,kY3%\+E/r,51,IT,7/18/2021,true,3,scawston1e@ucla.edu,658-556-2463,Cawston
swebermann1f,yX0_UCY&R,52,IT,3/20/2020,true,2,cwebermann1f@sun.com,128-982-1760,Webermann
mmingauld1g,"hE6=""EX2{&Hh",53,Sales,4/7/2021,false,5,gmingauld1g@wordpress.org,728-606-2820,Mingauld
fdurdle1h,oG2*>{+8/5c@9,54,Finance,1/2/2021,false,1,adurdle1h@g.co,168-748-5334,Durdle
egrunbaum1i,"eB2/b7tGc/""(=#0J",55,HR,4/27/2020,false,1,agrunbaum1i@soundcloud.com,788-599-1743,Grunbaum
sshiliton1j,bN8|6%t?h7,56,Finance,2/5/2020,true,2,rshiliton1j@squarespace.com,379-469-5282,Shiliton
gfaulkener1k,"mT3""@4%>h}t=kU",57,IT,8/20/2021,true,3,jfaulkener1k@thetimes.co.uk,808-134-1799,Faulkener
